<application>
  <component name="CodeInsightSettings">
    <option name="completionCaseSensitive" value="2" />
    <option name="COMPLETION_CASE_SENSITIVE" value="2" />
  </component>
  <component name="CodeVisionSettings">
    <option name="defaultPosition" value="Right" />
    <option name="enabled" value="false" />
  </component>
  <component name="DaemonCodeAnalyzerSettings">
    <option name="AUTOREPARSE_DELAY" value="0" />
  </component>
  <component name="EditorSettings">
    <option name="IS_WHEEL_FONTCHANGE_ENABLED" value="true" />
  </component>
  <component name="InlineCompletionOnboarding">
    <option name="onboardingFinished" value="true" />
  </component>
</application>