<application>
  <component name="ProjectManager">
    <defaultProject>
      <component name="PropertiesComponent">{
  &quot;keyToString&quot;: {
    &quot;last_opened_file_path&quot;: &quot;C:/root/visualvm_217/visualvm_217/bin/visualvm.exe&quot;
  }
}</component>
      <component name="VcsDirectoryMappings" defaultProject="true" />
      <component name="WindowStateProjectService">
        <state x="620" y="252" key="FileChooserDialogImpl" timestamp="1719060948207">
          <screen x="0" y="0" width="1680" height="1010" />
        </state>
        <state x="620" y="252" key="FileChooserDialogImpl/0.0.1680.1010" timestamp="1719060948207" />
      </component>
    </defaultProject>
  </component>
</application>