<application>
  <component name="Trusted.Paths">
    <option name="TRUSTED_PROJECT_PATHS">
      <map>
        <entry key="C:\Users\Student\Desktop\Java\JavaSE_314220" value="true" />
        <entry key="C:\Users\Student\Desktop\Java\SE" value="true" />
        <entry key="C:\Users\Student\Desktop\Java\spring-boot" value="true" />
      </map>
    </option>
  </component>
  <component name="Trusted.Paths.Settings">
    <option name="TRUSTED_PATHS">
      <list>
        <option value="C:\Users\Student\Desktop\Java" />
      </list>
    </option>
  </component>
</application>