<application>
  <component name="DimensionService">
    <size key="GridCell.Tab.0.left.0.0.1920.1080" width="1838" height="468" />
    <size key="GridCell.Tab.0.center.0.0.1920.1080" width="1838" height="468" />
    <size key="GridCell.Tab.0.right.0.0.1920.1080" width="1838" height="468" />
    <size key="GridCell.Tab.0.bottom.0.0.1920.1080" width="1838" height="468" />
    <size key="GridCell.Tab.1.left.0.0.1920.1080" width="1286" height="300" />
    <size key="GridCell.Tab.1.center.0.0.1920.1080" width="1286" height="300" />
    <size key="GridCell.Tab.1.right.0.0.1920.1080" width="1286" height="300" />
    <size key="GridCell.Tab.1.bottom.0.0.1920.1080" width="1286" height="300" />
  </component>
  <component name="WindowManager">
    <frame x="-8" y="-8" width="1696" height="1026" extendedState="6" />
  </component>
  <component name="WindowStateApplicationService">
    <state x="840" y="445" width="800" height="650" key="WELCOME_SCREEN" timestamp="1719063753673">
      <screen x="0" y="0" width="1680" height="1010" />
    </state>
    <state x="840" y="445" width="800" height="650" key="WELCOME_SCREEN/0.0.1680.1010" timestamp="1719063753673" />
  </component>
</application>